<keymap version="1" name="leng" parent="$default">
  <action id="ActivateAndroidMonitorToolWindow">
    <keyboard-shortcut first-keystroke="alt 6" />
  </action>
  <action id="ActivateTODOToolWindow" />
  <action id="AndroidConnectDebuggerAction">
    <keyboard-shortcut first-keystroke="alt d" />
  </action>
  <action id="ChangesView.Revert">
    <keyboard-shortcut first-keystroke="alt r" />
  </action>
  <action id="Compare.LastVersion">
    <keyboard-shortcut first-keystroke="alt c" />
  </action>
  <action id="LocalHistory.ShowHistory">
    <keyboard-shortcut first-keystroke="alt l" />
  </action>
  <action id="SwitchApply">
    <keyboard-shortcut first-keystroke="shift alt enter" />
  </action>
  <action id="SwitchDown">
    <keyboard-shortcut first-keystroke="shift alt down" />
  </action>
  <action id="SwitchLeft">
    <keyboard-shortcut first-keystroke="shift alt left" />
  </action>
  <action id="SwitchRight">
    <keyboard-shortcut first-keystroke="shift alt right" />
  </action>
  <action id="SwitchUp">
    <keyboard-shortcut first-keystroke="shift alt up" />
  </action>
  <action id="ToggleFullScreen">
    <keyboard-shortcut first-keystroke="alt f" />
  </action>
  <action id="TogglePresentationMode">
    <keyboard-shortcut first-keystroke="alt p" />
  </action>
  <action id="UpdateFiles">
    <keyboard-shortcut first-keystroke="ctrl alt u" />
  </action>
  <action id="Vcs.ShowTabbedFileHistory">
    <keyboard-shortcut first-keystroke="alt h" />
  </action>
</keymap>