<application>
  <component name="AppStorage">
    <histories>
      <item value="Chip" />
      <item value="Curve" />
      <item value="Opacity" />
      <item value="slivers" />
      <item value="symmetric" />
      <item value="chompy" />
      <item value="ancestor State Of Type" />
      <item value="root Ancestor State Of Type" />
      <item value="celebrate" />
      <item value="Fractionally" />
      <item value="Bust" />
      <item value="gradient" />
      <item value="main Axis Size" />
      <item value="Cubic" />
      <item value="Box Decoration" />
      <item value="Decoration" />
      <item value="imply" />
      <item value="omitted" />
      <item value="reassemble" />
      <item value="celebrate After" />
      <item value="Aspect" />
      <item value="prowess" />
      <item value="Device Orientation" />
      <item value="slim" />
      <item value="portrait Down" />
      <item value="portrait Up" />
      <item value="EARPIECE" />
      <item value="Rationale" />
      <item value="Parcelable" />
      <item value="Notice that the duration being subtracted is actually 50 * 24 * 60 * 60 seconds. If the resulting DateTime has a different daylight saving offset than this, then the result won't have the same time-of-day as this, and may not even hit the calendar date 50 days earlier. Be careful when working with dates in local time" />
      <item value="subtract" />
      <item value="immutable" />
      <item value="mouth" />
      <item value="vertical" />
      <item value="adapter" />
      <item value="decoration" />
      <item value="The number is decimal, allowing a decimal point to provide fractional" />
      <item value="decimal" />
      <item value="Affinity" />
      <item value="Layout Inflater" />
      <item value="LayoutInflater" />
      <item value="Inflater" />
      <item value="Delegate" />
      <item value="descendants" />
      <item value="orientation" />
      <item value="Experimental" />
      <item value="gravity" />
      <item value="instantiate" />
      <item value="horizontal" />
    </histories>
    <option name="languageScores">
      <map>
        <entry key="CHINESE" value="50" />
        <entry key="ENGLISH" value="51" />
        <entry key="FRENCH" value="4" />
      </map>
    </option>
  </component>
  <component name="Settings">
    <option name="baiduTranslateSettings">
      <app-key>
        <option name="appId" value="20190711000317006" />
        <option name="appKeyConfigured" value="true" />
      </app-key>
    </option>
    <option name="ignoreRegExp" value="" />
    <option name="translator" value="fanyi.baidu" />
  </component>
</application>