<application>
  <component name="CvsApplicationLevelConfiguration">
    <option name="PATH_TO_PASSWORD_FILE" value="$userdir/.cvspass" />
  </component>
  <component name="DartCodeInsightSettings">
    <option name="SHOW_CLOSING_LABELS" value="false" />
  </component>
  <component name="FileEditorProviderManager">
    <option name="selectedProviders">
      <map>
        <entry key="android-designer,text-editor" value="text-editor" />
      </map>
    </option>
  </component>
  <component name="PropertiesComponent">
    <property name="ATTACHED_TOOL_WINDOW.DEFAULT.NELE_EDITOR.COMPONENT_TREE.AUTO_HIDE" value="false" />
    <property name="ATTACHED_TOOL_WINDOW.DEFAULT.NELE_EDITOR.COMPONENT_TREE.LEFT" value="true" />
    <property name="ATTACHED_TOOL_WINDOW.DEFAULT.NELE_EDITOR.COMPONENT_TREE.SPLIT" value="true" />
    <property name="ATTACHED_TOOL_WINDOW.DEFAULT.NELE_EDITOR.PALETTE.AUTO_HIDE" value="false" />
    <property name="ATTACHED_TOOL_WINDOW.DEFAULT.NELE_EDITOR.PALETTE.LEFT" value="true" />
    <property name="ATTACHED_TOOL_WINDOW.DEFAULT.NELE_EDITOR.PALETTE.SPLIT" value="false" />
    <property name="ATTACHED_TOOL_WINDOW.DEFAULT.NELE_EDITOR.PROPERTIES.AUTO_HIDE" value="false" />
    <property name="ATTACHED_TOOL_WINDOW.DEFAULT.NELE_EDITOR.PROPERTIES.LEFT" value="false" />
    <property name="ATTACHED_TOOL_WINDOW.DEFAULT.NELE_EDITOR.PROPERTIES.SPLIT" value="false" />
    <property name="ATTACHED_TOOL_WINDOW.DEFAULT.NELE_EDITOR.TOOL_ORDER" value="PALETTE,COMPONENT_TREE,PROPERTIES" />
    <property name="ATTACHED_TOOL_WINDOW.DEFAULT.Preview.PALETTE.AUTO_HIDE" value="true" />
    <property name="ATTACHED_TOOL_WINDOW.DEFAULT.Preview.PALETTE.LEFT" value="true" />
    <property name="ATTACHED_TOOL_WINDOW.DEFAULT.Preview.TOOL_ORDER" value="PALETTE" />
    <property name="ATTACHED_TOOL_WINDOW.NELE_EDITOR.COMPONENT_TREE.LEFT" value="true" />
    <property name="ATTACHED_TOOL_WINDOW.NELE_EDITOR.COMPONENT_TREE.SPLIT" value="true" />
    <property name="ATTACHED_TOOL_WINDOW.NELE_EDITOR.LEFT.UNSCALED.WIDTH" value="278" />
    <property name="ATTACHED_TOOL_WINDOW.NELE_EDITOR.LEFT.WIDTH" value="367" />
    <property name="ATTACHED_TOOL_WINDOW.NELE_EDITOR.PALETTE.LEFT" value="true" />
    <property name="ATTACHED_TOOL_WINDOW.NELE_EDITOR.RIGHT.UNSCALED.WIDTH" value="280" />
    <property name="ATTACHED_TOOL_WINDOW.NELE_EDITOR.RIGHT.WIDTH" value="178" />
    <property name="ATTACHED_TOOL_WINDOW.NELE_EDITOR.TOOL_ORDER" value="PALETTE,COMPONENT_TREE,PROPERTIES" />
    <property name="ATTACHED_TOOL_WINDOW.Preview.PALETTE.AUTO_HIDE" value="true" />
    <property name="ATTACHED_TOOL_WINDOW.Preview.PALETTE.LEFT" value="true" />
    <property name="ATTACHED_TOOL_WINDOW.Preview.TOOL_ORDER" value="PALETTE" />
    <property name="Android.Splitter.Proportion" value="0.07614852" />
    <property name="AndroidEnableDdms" value="true" />
    <property name="AndroidInitConfigurator.V1" value="true" />
    <property name="AndroidInitConfigurator.V2" value="true" />
    <property name="AndroidInitConfigurator.V3" value="true" />
    <property name="AndroidInitConfigurator.V4" value="true" />
    <property name="AndroidInitConfigurator.V5" value="true" />
    <property name="AndroidPlatformName" value="Android API 16 Platform" />
    <property name="COMMITTED_CHANGES_FILTER_HISTORY" value="" />
    <property name="ColorChooser.RecentColors" value="170-102-204-255,,,51-181-229-255,,,255-68-68-255,,,153-204-0-255,,,255-255-255-255,,,255-187-51-255,,,104-181-238-255,,,13-91-146-255" />
    <property name="CommitChangeListDialog.DETAILS_SPLITTER_PROPORTION_2" value="0.64356434" />
    <property name="CommittedChanges.SplitterProportions.0" value="700" />
    <property name="CommittedChanges.SplitterProportions.1" value="500" />
    <property name="Copy.OpenInEditor" value="true" />
    <property name="DART_CHECK_SDK_UPDATE_KEY" value="DoNotCheck" />
    <property name="DART_SDK_KNOWN_PATHS" value="E:/tools/dart-sdk" />
    <property name="ExpandBeforeRunStepsPanel" value="true" />
    <property name="ExpandRunDashboardTypesPanel" value="false" />
    <property name="FLUTTER_COMPANY_DOMAIN" value="spaceon.com" />
    <property name="FLUTTER_LAST_SURVEY_CHECK_KEY" value="1558661529419" />
    <property name="FLUTTER_SDK_KNOWN_PATHS" value="E:\tools\flutter&#10;E:/tools/flutter" />
    <property name="FileTemplates.SelectedTemplate" value="Enum" />
    <property name="FindSplitterProportion" value="0.25419664" />
    <property name="GlassminApi" value="19" />
    <property name="InstalledPluginsSearchHistory" value="flu" />
    <property name="JUnitSupport.hidePassedTests" value="false" />
    <property name="KEYMAP" value="Find" />
    <property name="LOG_FILTER_HISTORY" value="spaceon&#10;TEST&#10;FishPainting&#10;MainA&#10;Linp" />
    <property name="LOG_FILTER_MESSAGE_HISTORY" value="RetrofitLog" />
    <property name="LOG_FILTER_TAG_HISTORY" value="TEST&#10;Flight&#10;CALL_TO_PHONE&#10;YMH&#10;MainActivity" />
    <property name="MemberChooser.copyJavadoc" value="false" />
    <property name="MemberChooser.showClasses" value="true" />
    <property name="MobileminApi" value="17" />
    <property name="NlScreenMode" value="BOTH" />
    <property name="PLUGIN_FILTER" value="flutter&#10;Flutt&#10;org.jetbrains.plugins.gradle&#10;Gradle&#10;Grad" />
    <property name="PluginConfigurable.selectionTab" value="1" />
    <property name="SAVED_ANDROID_NPW_LANGUAGE" value="Kotlin" />
    <property name="SAVED_ANDROID_PACKAGE" value="com.spaceon" />
    <property name="SAVED_COMPANY_DOMAIN" value="spaceon.com" />
    <property name="SearchEveryWhereHistory" value="b&#10;puto&#10;sh&#10;xu&#10;ji" />
    <property name="SettingsSearchHistory" value="code style&#10;Fi&#10;format&#10;A&#10;Auto" />
    <property name="android-component-compatibility-check" value="1563417722945" />
    <property name="android.show.prompt.kill.session" value="true" />
    <property name="build.toolwindow.Build Output.selection.state" value="com.intellij.build.BuildTreeConsoleView" />
    <property name="build.toolwindow.Build.selection.state" value="consoleView" />
    <property name="build.toolwindow.Sync.selection.state" value="com.intellij.build.BuildTreeConsoleView" />
    <property name="build.toolwindow.run.selection.state" value="consoleView" />
    <property name="com.android.tools.idea.uibuilder.surface.DesignSurface.error.panel.split" value="0.5" />
    <property name="com.intellij.diagnostic.IdeErrorsDialogactiveTab" value="0" />
    <property name="com.intellij.history.integration.ui.views.FileHistoryDialog.0" value="86" />
    <property name="com.intellij.history.integration.ui.views.FileHistoryDialog.1" value="800" />
    <property name="create.project.preferred.importer" value="Existing Sources" />
    <property name="decompiler.legal.notice.accepted" value="true" />
    <property name="file.chooser.recent.files" value="G:/Ir-guowang/Software/Ir-mobile&#10;D:/BGAN/BGAN/BGANAndroid&#10;D:/Git/FlutterLibrary/linphone/android&#10;D:/Git/FlutterLibrary/linphone&#10;D:/linphone-android-3.4.1&#10;D:/linphone-android-4.1&#10;G:/HiChat/HiChatAndroid&#10;E:/projects/android1/Android-library/offlinemap&#10;G:/GeneralMobNavi/NavigatorAndroid&#10;G:/Ir-guowang/Software/Ir-monitor&#10;G:/VMSAndroid&#10;D:/DragonAnalysis&#10;E:/projects/android1/Android-library/TileMap&#10;C:/Users/Leo/Desktop/新建文件夹/144.png&#10;D:/Program Files/Android/Android Studio/plugins/android/lib/templates/gradle-projects/NewAndroidModule/root/res/mipmap-xxxhdpi/ic_launcher.png&#10;D:/Program Files/Android/Android Studio/plugins/android/lib/templates/gradle-projects/NewAndroidModule/root/res/drawable-v24/ic_launcher_foreground.xml&#10;D:/Program Files/Android/Android Studio/plugins/android/lib/templates/gradle-projects/NewAndroidModule/root/res/mipmap-hdpi/ic_launcher.png&#10;D:/HiChat&#10;D:/Git/FlutterLibrary/map/android&#10;E:/projects/android1/Android-library/java-common&#10;E:/projects/android1/Android-library/android-common&#10;D:/Git/FlutterLibrary/map&#10;D:/Git/FlutterLibrary/service_plugin/android&#10;D:/Git/FlutterLibrary/service_plugin&#10;G:/FlutterProject&#10;G:/I-chat/I-chat/I-ChatAndroid&#10;G:/e-logbook/elogbook-svn/fishing&#10;D:/SmartFish/SmartFish&#10;G:/I-chat/I-chat/I-ChatAndroid-Normal&#10;G:/Ir-secure/Ir-mobile" />
    <property name="file.gist.reindex.count" value="67312" />
    <property name="fileTypeChangedCounter" value="3" />
    <property name="gradle.runner.text.console" value="true" />
    <property name="gradle.runner.text.console_str" value="true" />
    <property name="installed.kotlin.plugin.version" value="1.3.31-release-Studio3.4-1" />
    <property name="io.flutter.analytics.clientId" value="f99676e8-4eca-412a-9f5d-ac2ec81d19ab" />
    <property name="io.flutter.analytics.toastShown" value="true" />
    <property name="jdk.selected.JAVA_MODULE" value="1.8" />
    <property name="kotlin.plugin.releaseDate" value="1.3.31-release-Studio3.4-1:2019-04-25" />
    <property name="last.imported.location" value="G:/Ir-guowang/Software/Ir-mobile" />
    <property name="last.used.gradle.home" value="$USER_HOME$/.gradle/wrapper/dists/gradle-4.4-all/9br9xq1tocpiv8o6njlyu5op1/gradle-4.4" />
    <property name="lastTip" value="1" />
    <property name="newly.installed.api.level" value="26" />
    <property name="project.wizard.group" value="EMPTY_MODULE" />
    <property name="project.wizard.template" value="Empty Project" />
    <property name="quick.doc.font.size" value="SMALL" />
    <property name="selected.color.option.type" value="FLUTTER_LOG_FINER_OUTPUT" />
    <property name="settings.code.style.selected.tab.JAVA" value="Spaces" />
    <property name="settings.code.style.selected.tab.ObjectiveC" value="Code Generation" />
    <property name="settings.code.style.selected.tab.XML" value="Android" />
    <property name="sm_test_statistics_table_columnsOrder0" value="0" />
    <property name="sm_test_statistics_table_columnsOrder1" value="1" />
    <property name="sm_test_statistics_table_columnsOrder2" value="2" />
    <property name="sm_test_statistics_table_columnsWidth0" value="75" />
    <property name="sm_test_statistics_table_columnsWidth1" value="75" />
    <property name="sm_test_statistics_table_columnsWidth2" value="75" />
  </component>
  <component name="SelectProjectTemplateSettings">
    <option name="LAST_TEMPLATE" value="Android/Application Module" />
  </component>
  <component name="SvnApplicationSettings">
    <option name="myCheckoutURLs">
      <list>
        <option value="svn://192.168.1.199/Navigator/NavigatorAndroid" />
      </list>
    </option>
    <option name="myTypedURLs">
      <list>
        <option value="svn://192.168.1.199/Navigator/NavigatorAndroid" />
        <option value="http://192.168.1.199/Navigator/NavigatorAndroid" />
        <option value="https://192.168.40.33/svn/protocol" />
        <option value="https://192.168.40.33/svn/Phone" />
      </list>
    </option>
    <option name="mySvnCommandLine" value="C:\Program Files\TortoiseSVN\bin\svn.exe" />
  </component>
  <component name="com.intellij.ide.fileTemplates.impl.FileTemplateManagerImpl">
    <recent_templates>
      <option name="RECENT_TEMPLATES">
        <value>
          <list size="0" />
        </value>
      </option>
    </recent_templates>
  </component>
  <component name="com.intellij.javaee.ExternalResourceManagerImpl">
    <resource url="http://www.puppycrawl.com/dtds/configuration_1_2.dtd" location="G:/leng/tools/soft-bak/ide/checkstyle相关/checkstyle-idea-4.5.4/CheckStyle-IDEA/lib/dtd/configuration_1_2.dtd" />
    <ignored-resource url="http://relaxng.org/ns/compatibility/annotations/1.0" />
    <ignored-resource url="urn:idea:xslt-plugin#extensions" />
    <ignored-resource url="http://exslt.org/dates-and-times" />
    <ignored-resource url="http://www.w3.org/1998/Math/MathML" />
    <ignored-resource url="http://exslt.org/math" />
    <ignored-resource url="http://exslt.org/dynamic" />
    <ignored-resource url="http://exslt.org/common" />
    <ignored-resource url="http://exslt.org/sets" />
    <ignored-resource url="http://exslt.org/strings" />
    <ignored-resource url="http://www.w3.org/2000/svg" />
  </component>
</application>