<application>
  <component name="ProjectManager">
    <defaultProject>
      <component name="AndroidGradleBuildConfiguration">
        <option name="SYNC_PROJECT_BEFORE_BUILD" value="true" />
      </component>
      <component name="CMakeSettings">
        <configurations>
          <configuration PROFILE_NAME="Debug" CONFIG_NAME="Debug" />
        </configurations>
      </component>
      <component name="CompilerConfiguration">
        <wildcardResourcePatterns>
          <entry name="!?*.java" />
          <entry name="!?*.form" />
          <entry name="!?*.class" />
          <entry name="!?*.groovy" />
          <entry name="!?*.scala" />
          <entry name="!?*.flex" />
          <entry name="!?*.kt" />
          <entry name="!?*.clj" />
        </wildcardResourcePatterns>
        <annotationProcessing>
          <profile default="true" name="Default" enabled="true" />
        </annotationProcessing>
      </component>
      <component name="Encoding" addBOMForNewFiles="with NO BOM">
        <file url="PROJECT" charset="UTF-8" />
      </component>
      <component name="GradleLocalSettings">
        <option name="modificationStamps">
          <map>
            <entry key="G:/leng/workspace/WMCAssistant" value="5836946874582" />
            <entry key="G:/leng/workspace/android-app" value="5825466468250" />
            <entry key="G:/leng/workspace/oschina-android-app" value="5825467812144" />
            <entry key="G:/leng/workspaces/android-study/ChangePermission" value="4383104631784" />
            <entry key="G:/leng/workspaces/android-study/retrofit-android-test" value="4382876752898" />
            <entry key="G:/leng/workspaces/androidannotations-develop/examples/gradle" value="1460618252111" />
          </map>
        </option>
        <option name="externalProjectsViewState">
          <projects_view />
        </option>
      </component>
      <component name="MavenImportPreferences">
        <option name="generalSettings">
          <MavenGeneralSettings>
            <option name="mavenHome" value="Bundled (Maven 3)" />
          </MavenGeneralSettings>
        </option>
      </component>
      <component name="ProjectInspectionProfilesVisibleTreeState">
        <entry key="Project Default">
          <profile-state>
            <expanded-state>
              <State>
                <id />
              </State>
              <State>
                <id>Flutter</id>
              </State>
            </expanded-state>
            <selected-state>
              <State>
                <id>FlutterDependency</id>
              </State>
            </selected-state>
          </profile-state>
        </entry>
      </component>
      <component name="ProjectRootManager" version="2" languageLevel="JDK_1_6" />
      <component name="PropertiesComponent">
        <property name="GoToClass.includeLibraries" value="false" />
        <property name="GoToClass.toSaveIncludeLibraries" value="false" />
        <property name="GoToFile.includeJavaFiles" value="false" />
        <property name="MemberChooser.copyJavadoc" value="false" />
        <property name="MemberChooser.showClasses" value="true" />
        <property name="MemberChooser.sorted" value="false" />
        <property name="android.project.structure.last.selected" value="SDK Location" />
        <property name="android.project.structure.proportion" value="0.15" />
        <property name="android.sdk.path" value="E:/tools/android-sdk" />
        <property name="options.lastSelected" value="File.Encoding" />
        <property name="options.searchVisible" value="true" />
        <property name="options.splitter.details.proportions" value="0.2" />
        <property name="options.splitter.main.proportions" value="0.3" />
        <property name="settings.editor.selected.configurable" value="AndroidSdkUpdater" />
      </component>
      <component name="RunManager">
        <configuration default="true" type="Application" factoryName="Application">
          <extension name="coverage" enabled="false" merge="false" sample_coverage="true" runner="idea" />
          <option name="MAIN_CLASS_NAME" />
          <option name="VM_PARAMETERS" />
          <option name="PROGRAM_PARAMETERS" />
          <option name="WORKING_DIRECTORY" value="$PROJECT_DIR$" />
          <option name="ALTERNATIVE_JRE_PATH_ENABLED" value="false" />
          <option name="ALTERNATIVE_JRE_PATH" />
          <option name="ENABLE_SWING_INSPECTOR" value="false" />
          <option name="ENV_VARIABLES" />
          <option name="PASS_PARENT_ENVS" value="true" />
          <module name="" />
          <envs />
          <method />
        </configuration>
        <configuration name="&lt;template&gt;" type="WebApp" default="true" selected="false">
          <Host>localhost</Host>
          <Port>5050</Port>
        </configuration>
      </component>
      <component name="VcsContentAnnotationSettings">
        <option name="myLimit" value="2678400000" />
      </component>
      <component name="masterDetails">
        <states>
          <state key="ProjectJDKs.UI">
            <settings>
              <last-edited>1.8</last-edited>
              <splitter-proportions>
                <option name="proportions">
                  <list>
                    <option value="0.2" />
                  </list>
                </option>
              </splitter-proportions>
            </settings>
          </state>
          <state key="ScopeChooserConfigurable.UI">
            <settings>
              <splitter-proportions>
                <option name="proportions">
                  <list>
                    <option value="0.2" />
                  </list>
                </option>
              </splitter-proportions>
            </settings>
          </state>
        </states>
      </component>
    </defaultProject>
  </component>
</application>