<application>
  <component name="UpdatesConfigurable">
    <enabledExternalComponentSources>
      <item value="Android SDK" />
    </enabledExternalComponentSources>
    <option name="externalUpdateChannels">
      <map>
        <entry key="Android SDK" value="Stable Channel" />
      </map>
    </option>
    <ignoredBuildNumbers>
      <item value="171.4443003" />
      <item value="extras;android;m2repository#47.0.0" />
      <item value="extras;google;m2repository#58" />
      <item value="extras;intel;Hardware_Accelerated_Execution_Manager#6.2.1" />
      <item value="platform-tools#27.0.1" />
      <item value="tools#26.1.1" />
    </ignoredBuildNumbers>
    <knownExternalComponentSources>
      <item value="Android SDK" />
    </knownExternalComponentSources>
    <option name="LAST_BUILD_CHECKED" value="AI-183.6156.11.34.5522156" />
    <option name="LAST_TIME_CHECKED" value="1563765724155" />
    <option name="THIRD_PARTY_PLUGINS_ALLOWED" value="true" />
  </component>
</application>